appearance_id,game_id,player_id,player_club_id,player_current_club_id,date,player_name,competition_id,yellow_cards,red_cards,goals,assists,minutes_played
2231978_38004,2231978,38004,853,235,2012-07-03,"AurÃ©lien Joachim",CLQ,0,0,2,0,90
2233748_79232,2233748,79232,8841,2698,2012-07-05,"Ruslan Abyshov",ELQ,0,0,0,0,90
2234413_42792,2234413,42792,6251,465,2012-07-05,"Sander Puri",ELQ,0,0,0,0,45
2234418_73333,2234418,73333,1274,6646,2012-07-05,"Vegar Hedenstad",ELQ,0,0,0,0,90
2234421_122011,2234421,122011,195,3008,2012-07-05,"Markus Henriksen",ELQ,0,0,0,1,90
2234421_146889,2234421,146889,195,190,2012-07-05,"Peter Ankersen",ELQ,1,0,0,0,90
2235539_28716,2235539,28716,282,7185,2012-07-05,"Adi Adilovic",ELQ,0,0,0,0,90
2235539_69445,2235539,69445,282,19771,2012-07-05,"Ivan Sesar",ELQ,1,0,0,1,90
2235545_19409,2235545,19409,317,200,2012-07-05,"Willem Janssen",ELQ,0,0,0,0,45
2235545_30003,2235545,30003,317,317,2012-07-05,"Wout Brama",ELQ,0,0,0,0,90
2235545_30667,2235545,30667,317,317,2012-07-05,"Robbert Schilder",ELQ,0,0,2,1,90
2235545_34129,2235545,34129,317,1435,2012-07-05,"Wesley Verhoek",ELQ,0,0,0,0,90
2235545_36139,2235545,36139,317,36,2012-07-05,"Dusan Tadic",ELQ,0,0,1,0,45
2235545_4520,2235545,4520,317,317,2012-07-05,"Peter Wisgerhof",ELQ,0,0,0,0,90
2235545_4582,2235545,4582,317,317,2012-07-05,"Sander Boschker",ELQ,0,0,0,0,90
2235545_47740,2235545,47740,317,1426,2012-07-05,"Nils RÃ¶seler",ELQ,0,0,0,0,90
2235545_59631,2235545,59631,317,968,2012-07-05,"Nacer Chadli",ELQ,0,0,0,3,45
2235545_60312,2235545,60312,317,1426,2012-07-05,"Joshua John",ELQ,0,0,1,1,45
2235545_63342,2235545,63342,317,11282,2012-07-05,"Leroy Fer",ELQ,0,0,0,0,26
2235545_63356,2235545,63356,317,1304,2012-07-05,"Tim Breukers",ELQ,0,0,0,0,90
2235545_80073,2235545,80073,317,11282,2012-07-05,"Glynor Plet",ELQ,0,0,2,1,90
2235545_84260,2235545,84260,317,403,2012-07-05,"Nicky Kuiper",ELQ,0,0,0,0,64
2235769_75109,2235769,75109,11907,2227,2012-07-05,"CÃ©lio Santos",ELQ,0,0,0,0,90
2235777_63496,2235777,63496,3811,4128,2012-07-05,"Vladimirs Kamess",ELQ,0,0,0,0,75
2234404_14940,2234404,14940,660,367,2012-07-09,"Razvan Rat",UKRS,0,0,0,0,90
2234404_14942,2234404,14942,660,1390,2012-07-09,"Darijo Srna",UKRS,0,0,0,1,90
2234404_15033,2234404,15033,2783,2783,2012-07-09,"Velizar Dimitrov",UKRS,0,0,0,0,81
2234404_24000,2234404,24000,2783,10690,2012-07-09,"Vyacheslav Checher",UKRS,1,0,0,0,90
2234404_24633,2234404,24633,660,660,2012-07-09,Eduardo,UKRS,0,0,0,0,25
2234404_26267,2234404,26267,660,281,2012-07-09,Fernandinho,UKRS,0,0,0,1,90
2234404_27108,2234404,27108,2783,2783,2012-07-09,"Konstantinos Makridis",UKRS,0,0,0,0,90
2234404_39996,2234404,39996,660,660,2012-07-09,"Andriy Pyatov",UKRS,0,0,0,0,90
2234404_43308,2234404,43308,2783,2783,2012-07-09,"Denys Golaydo",UKRS,0,0,0,0,90
2234404_44357,2234404,44357,660,2477,2012-07-09,"Oleksandr Kucher",UKRS,1,0,0,0,90
2234404_45812,2234404,45812,2783,128,2012-07-09,"Djordje Lazic",UKRS,0,0,0,0,66
2234404_48974,2234404,48974,660,589,2012-07-09,"Luiz Adriano",UKRS,0,0,1,0,65
2234404_51232,2234404,51232,2783,589,2012-07-09,Danilo,UKRS,0,0,0,0,45
2234404_52937,2234404,52937,660,660,2012-07-09,Ilsinho,UKRS,0,0,0,0,25
2234404_55734,2234404,55734,2783,3999,2012-07-09,"Gevorg Ghazaryan",UKRS,0,0,0,0,90
2234404_55735,2234404,55735,660,46,2012-07-09,"Henrikh Mkhitaryan",UKRS,0,0,0,0,90
2234404_59148,2234404,59148,2783,2727,2012-07-09,"Oleksandr Volovyk",UKRS,2,0,0,0,85
2234404_59389,2234404,59389,2783,6992,2012-07-09,"Mykola Morozyuk",UKRS,0,0,0,0,90
2234404_59411,2234404,59411,660,1083,2012-07-09,"Marko Devic",UKRS,1,0,0,0,13
2234404_59970,2234404,59970,660,660,2012-07-09,"Taras Stepanenko",UKRS,1,0,0,0,90
2234404_60324,2234404,60324,2783,2783,2012-07-09,"Gregory Nelson",UKRS,0,0,0,0,90
2234404_66515,2234404,66515,660,114,2012-07-09,"Alex Teixeira",UKRS,0,0,0,0,77
2234404_73769,2234404,73769,2783,2783,2012-07-09,"ZÃ© Soares",UKRS,0,0,0,0,45
2234404_74843,2234404,74843,2783,2783,2012-07-09,"Vitaliy Ivanko",UKRS,0,0,0,0,9
2234404_75615,2234404,75615,660,506,2012-07-09,"Douglas Costa",UKRS,0,0,1,0,65
2234404_85969,2234404,85969,2783,61825,2012-07-09,"Oleksandr Bandura",UKRS,0,0,0,0,90
2234404_87893,2234404,87893,2783,2477,2012-07-09,"Vasyl Pryima",UKRS,0,0,0,0,24
2234404_89222,2234404,89222,660,660,2012-07-09,"Yaroslav Rakitskyi",UKRS,1,0,0,0,90
2231980_38004,2231980,38004,853,235,2012-07-10,"AurÃ©lien Joachim",CLQ,0,0,2,0,62
2233750_79232,2233750,79232,8841,2698,2012-07-10,"Ruslan Abyshov",ELQ,0,0,1,0,90
2235544_158810,2235544,158810,1101,1053,2012-07-10,"Oscar Hiljemark",ELQ,0,0,1,0,65
3434798_268055,3434798,268055,3834,1083,2012-07-11,"Maksim Lepskiy",RUP,0,0,1,0,87
3434803_271384,3434803,271384,37022,2703,2012-07-11,"Igor Khaymanov",RUP,2,0,0,0,42
3434803_72496,3434803,72496,37022,3725,2012-07-11,"Roland Gigolaev",RUP,1,0,1,0,100
2234422_73333,2234422,73333,1274,6646,2012-07-12,"Vegar Hedenstad",ELQ,1,0,0,0,90
2235540_28716,2235540,28716,282,7185,2012-07-12,"Adi Adilovic",ELQ,0,0,0,0,90
2235540_69445,2235540,69445,282,19771,2012-07-12,"Ivan Sesar",ELQ,0,0,0,1,90
2235546_125102,2235546,125102,317,317,2012-07-12,"Mirco Born",ELQ,0,0,0,0,45
2235546_182381,2235546,182381,317,232,2012-07-12,"Quincy Promes",ELQ,0,0,0,0,90
2235546_19409,2235546,19409,317,200,2012-07-12,"Willem Janssen",ELQ,0,0,1,0,90
2235546_232499,2235546,232499,317,1304,2012-07-12,"Coen Gortemaker",ELQ,0,0,0,0,19
2235546_232500,2235546,232500,317,317,2012-07-12,"Tim HÃ¶lscher",ELQ,0,0,0,0,28
2235546_30003,2235546,30003,317,317,2012-07-12,"Wout Brama",ELQ,0,0,0,1,62
2235546_34129,2235546,34129,317,1435,2012-07-12,"Wesley Verhoek",ELQ,0,0,0,2,90
2235546_4520,2235546,4520,317,317,2012-07-12,"Peter Wisgerhof",ELQ,0,0,1,0,71
2235546_4582,2235546,4582,317,317,2012-07-12,"Sander Boschker",ELQ,0,0,0,0,90
2235546_47740,2235546,47740,317,1426,2012-07-12,"Nils RÃ¶seler",ELQ,0,0,0,0,90
2235546_60312,2235546,60312,317,1426,2012-07-12,"Joshua John",ELQ,0,0,0,0,90
2235546_63356,2235546,63356,317,1304,2012-07-12,"Tim Breukers",ELQ,1,0,0,0,90
2235546_80073,2235546,80073,317,11282,2012-07-12,"Glynor Plet",ELQ,0,0,1,0,45
2235546_84260,2235546,84260,317,403,2012-07-12,"Nicky Kuiper",ELQ,0,0,0,0,90
2235791_63496,2235791,63496,3811,4128,2012-07-12,"Vladimirs Kamess",ELQ,0,0,1,1,79
2235799_75109,2235799,75109,11907,2227,2012-07-12,"CÃ©lio Santos",ELQ,0,0,0,0,90
2236654_122011,2236654,122011,195,3008,2012-07-12,"Markus Henriksen",ELQ,0,0,0,0,45
2236654_146889,2236654,146889,195,190,2012-07-12,"Peter Ankersen",ELQ,0,0,1,0,90
2222962_104351,2222962,104351,4482,4482,2012-07-13,"Ramon Lopes",UKR1,1,0,1,0,90
2222962_12064,2222962,12064,4482,4482,2012-07-13,"Igor Skoba",UKR1,0,0,0,0,90
2222962_120996,2222962,120996,2477,2477,2012-07-13,"Volodymyr Gudyma",UKR1,0,0,0,0,45
2222962_135172,2222962,135172,2477,2477,2012-07-13,"Igor Ozarkiv",UKR1,1,0,0,0,90
2222962_24976,2222962,24976,4482,4482,2012-07-13,"Vance Sikov",UKR1,0,0,0,0,90
2222962_26303,2222962,26303,2477,2477,2012-07-13,"Martin Bogatinov",UKR1,0,0,0,0,90
2222962_35259,2222962,35259,4482,4482,2012-07-13,"Valentin Iliev",UKR1,0,0,0,0,90
2222962_36235,2222962,36235,4482,3714,2012-07-13,"Petar Zanev",UKR1,0,0,0,0,90
2222962_36934,2222962,36934,2477,2477,2012-07-13,"Ivan Milosevic",UKR1,1,0,0,0,90
2222962_43495,2222962,43495,4482,4482,2012-07-13,"Sergiy Pylypchuk",UKR1,1,0,0,0,79
2222962_44662,2222962,44662,4482,2990,2012-07-13,Schumacher,UKR1,0,0,0,0,85
2222962_46504,2222962,46504,4482,11127,2012-07-13,"Eric Bicfalvi",UKR1,0,0,0,1,90
2222962_53270,2222962,53270,2477,6992,2012-07-13,"Oleksandr Gladkyi",UKR1,0,0,0,0,17
2222962_57888,2222962,57888,2477,23611,2012-07-13,"Pavlo Ksyonz",UKR1,0,0,0,0,87
2222962_58016,2222962,58016,2477,55686,2012-07-13,"Oleg Golodyuk",UKR1,0,0,0,0,90
2222962_58042,2222962,58042,2477,2477,2012-07-13,"Igor Khudobyak",UKR1,0,0,0,1,45
2222962_58051,2222962,58051,2477,61825,2012-07-13,"Mykhaylo Kopolovets",UKR1,0,0,0,0,3
2222962_58150,2222962,58150,2477,55686,2012-07-13,"Andriy Tkachuk",UKR1,1,0,0,0,90
2222962_58252,2222962,58252,4482,18105,2012-07-13,"Sergiy Siminin",UKR1,0,0,0,0,90
2222962_58425,2222962,58425,2477,16247,2012-07-13,"Igor Oshchypko",UKR1,0,0,0,0,90
2222962_58976,2222962,58976,4482,6994,2012-07-13,"Maksim Startsev",UKR1,0,0,0,0,90
2222962_65297,2222962,65297,4482,4482,2012-07-13,"Danijel Subotic",UKR1,1,0,0,0,90
2222962_73185,2222962,73185,2477,2687,2012-07-13,"Lucas PÃ©rez",UKR1,1,0,1,0,90
2222962_91563,2222962,91563,4482,4482,2012-07-13,"Aleksey Babyr",UKR1,0,0,0,0,11
2222962_94926,2222962,94926,2477,3691,2012-07-13,"Oleksandr Kasyan",UKR1,0,0,0,0,73
2222962_97335,2222962,97335,2477,157,2012-07-13,"Igor Plastun",UKR1,0,0,0,0,90
2222962_97859,2222962,97859,4482,16245,2012-07-13,"Evgeniy Pavlov",UKR1,0,0,0,0,5
2224728_102132,2224728,102132,1053,1177,2012-07-13,"Nicklas Helenius",DK1,0,0,0,0,90
2224728_102134,2224728,102134,1053,1177,2012-07-13,"Kasper Kusk",DK1,0,0,0,0,90
2224728_119169,2224728,119169,678,86,2012-07-13,"Aron JÃ³hannsson",DK1,0,0,0,0,90
2224728_1197,2224728,1197,678,678,2012-07-13,"Peter Graulund",DK1,1,0,0,0,64
2224728_129092,2224728,129092,1053,1053,2012-07-13,"Rasmus Thelander",DK1,0,0,0,0,2
2224728_148344,2224728,148344,1053,1053,2012-07-13,"Lucas Andersen",DK1,0,0,0,0,74
2224728_14971,2224728,14971,678,678,2012-07-13,"Hjalte Bo NÃ¶rregaard",DK1,0,0,0,0,16
2224728_15118,2224728,15118,1053,1053,2012-07-13,"Thomas Augustinussen",DK1,0,0,0,1,90
2224728_15135,2224728,15135,1053,1053,2012-07-13,"Rasmus WÃ¼rtz",DK1,0,0,0,0,88
2224728_15386,2224728,15386,678,20100,2012-07-13,"SÃ¶ren Berg",DK1,0,0,0,0,54
2224728_22887,2224728,22887,678,20100,2012-07-13,"Anders Kure",DK1,0,0,0,0,90
2224728_22917,2224728,22917,1053,173,2012-07-13,"Kenneth Emil Petersen",DK1,1,0,0,0,90
2224728_22923,2224728,22923,678,678,2012-07-13,"Steffen Rasmussen",DK1,0,0,0,0,90
2224728_23160,2224728,23160,678,1177,2012-07-13,"Stephan Petersen",DK1,0,0,0,0,74
2224728_23201,2224728,23201,1053,20100,2012-07-13,"Anders Due",DK1,0,0,0,0,90
2224728_26774,2224728,26774,678,678,2012-07-13,"Atle Roar Haland",DK1,0,0,0,0,90
2224728_27612,2224728,27612,1053,1063,2012-07-13,"Jeppe Curth",DK1,0,0,1,0,16
2224728_30699,2224728,30699,678,678,2012-07-13,"Arthur Sorin",DK1,0,0,0,0,90
2224728_37222,2224728,37222,1053,1053,2012-07-13,"Patrick Kristensen",DK1,0,0,0,0,26
2224728_48803,2224728,48803,1053,1053,2012-07-13,"Jakob Ahlmann",DK1,1,0,0,0,64
2224728_5892,2224728,5892,678,678,2012-07-13,"Martin JÃ¶rgensen",DK1,0,0,1,0,90
2224728_68948,2224728,68948,678,22110,2012-07-13,"Osama Akharraz",DK1,0,0,0,0,36
2224728_70554,2224728,70554,1053,5818,2012-07-13,"Nicholas Gotfredsen",DK1,0,0,0,0,90
2224728_77655,2224728,77655,678,678,2012-07-13,"Davit Devdariani",DK1,0,0,0,1,26
2224728_89208,2224728,89208,678,987,2012-07-13,"Casper Sloth",DK1,0,0,0,0,90
2224728_92248,2224728,92248,1053,1177,2012-07-13,"Nicolai Larsen",DK1,0,0,0,0,90
2224728_93315,2224728,93315,1053,865,2012-07-13,"Henrik Dalsgaard",DK1,0,0,0,0,90
2224728_96331,2224728,96331,678,173,2012-07-13,"Mikkel Kirkeskov",DK1,0,0,0,0,90
2222958_103950,2222958,103950,6993,11127,2012-07-14,"Roman Emeljanov",UKR1,0,0,0,0,67
2222958_137939,2222958,137939,6993,16704,2012-07-14,"Tornike Okriashvili",UKR1,0,0,0,0,90
2222958_20137,2222958,20137,6414,36,2012-07-14,"JosÃ© Sosa",UKR1,0,0,1,1,90
2222958_211314,2222958,211314,6414,6414,2012-07-14,"Denys Barvinko",UKR1,0,0,0,0,90
2222958_24026,2222958,24026,6993,16247,2012-07-14,"Kostyantyn Kravchenko",UKR1,0,0,0,0,23
2222958_25618,2222958,25618,6414,16247,2012-07-14,"Sergiy Pshenychnykh",UKR1,0,0,0,0,90
2222958_27378,2222958,27378,6414,6414,2012-07-14,"Cleiton Xavier",UKR1,0,0,0,0,90
2222958_30694,2222958,30694,6414,6414,2012-07-14,"Juan Manuel Torres",UKR1,0,0,0,0,90
2222958_30803,2222958,30803,6414,6414,2012-07-14,"Cristian Villagra",UKR1,1,0,0,0,90
2222958_42631,2222958,42631,6414,6414,2012-07-14,"Oleksandr Goryainov",UKR1,0,0,0,0,90
2222958_43288,2222958,43288,6993,2740,2012-07-14,"Oleksandr Chyzhov",UKR1,1,0,0,0,90
2222958_43359,2222958,43359,6414,2740,2012-07-14,"Pavlo Rebenok",UKR1,0,0,1,0,22
2222958_53299,2222958,53299,6993,2477,2012-07-14,"Kostyantyn Yaroshenko",UKR1,0,0,0,0,86
2222958_53477,2222958,53477,6414,1025,2012-07-14,"Jonathan Cristaldo",UKR1,0,0,0,0,2
2222958_53523,2222958,53523,6414,6414,2012-07-14,"Marco Torsiglieri",UKR1,0,0,0,0,90
2222958_54576,2222958,54576,6414,984,2012-07-14,"SebastiÃ¡n Blanco",UKR1,0,0,0,0,12
2222958_55115,2222958,55115,6993,18303,2012-07-14,"David Targamadze",UKR1,0,0,0,0,45
2222958_58035,2222958,58035,6993,26459,2012-07-14,"Mykola Ishchenko",UKR1,1,0,0,0,90
2222958_58043,2222958,58043,6993,6993,2012-07-14,"Rustam Khudzhamov",UKR1,0,0,0,0,90
2222958_58403,2222958,58403,6993,61825,2012-07-14,"Denys Kozhanov",UKR1,0,0,0,0,90
2222958_58413,2222958,58413,6414,48332,2012-07-14,"Volodymyr Lysenko",UKR1,0,0,0,0,68
2222958_58440,2222958,58440,6993,6993,2012-07-14,"Sergiy Shevchuk",UKR1,0,0,0,0,90
2222958_68778,2222958,68778,6414,660,2012-07-14,Marlos,UKR1,0,0,0,1,78
2222958_76028,2222958,76028,6414,1091,2012-07-14,Taison,UKR1,1,0,0,0,88
2222958_89556,2222958,89556,6993,3690,2012-07-14,"Vitaliy Fedotov",UKR1,0,0,0,0,45
2222958_92635,2222958,92635,6993,6993,2012-07-14,"Oleksandr Mandzyuk",UKR1,0,0,0,0,4
2222958_94922,2222958,94922,6993,10690,2012-07-14,"Bogdan Butko",UKR1,0,0,0,0,90
2222958_94931,2222958,94931,6993,6993,2012-07-14,"Vitaliy Vitsenets",UKR1,1,0,0,0,90
2222960_112953,2222960,112953,6992,6992,2012-07-14,"Dmytro Bezotosnyi",UKR1,0,0,0,0,90
2222960_121218,2222960,121218,6996,6996,2012-07-14,"Yevgen Yeliseev",UKR1,0,0,0,0,90
2222960_134609,2222960,134609,6996,6996,2012-07-14,"Mykola Gibalyuk",UKR1,0,0,0,0,90
2222960_1716,2222960,1716,6996,6996,2012-07-14,"David Odonkor",UKR1,0,0,0,1,27
2222960_17206,2222960,17206,6996,6996,2012-07-14,"Aleksandar Trisovic",UKR1,0,0,0,0,14
2222960_22378,2222960,22378,6992,1091,2012-07-14,"LÃ©o Matos",UKR1,1,0,2,0,88
2222960_25891,2222960,25891,6992,6992,2012-07-14,"Anatoliy Didenko",UKR1,0,0,0,0,31
2222960_27172,2222960,27172,6992,6996,2012-07-14,"Pavlo Kutas",UKR1,0,0,0,0,90
2222960_34771,2222960,34771,6996,6996,2012-07-14,"Oleksandr Kosyrin",UKR1,0,0,0,0,38
2222960_35435,2222960,35435,6992,6996,2012-07-14,"Lucian Burdujan",UKR1,1,0,0,0,59
2222960_35908,2222960,35908,6996,6996,2012-07-14,"Mirko Raicevic",UKR1,1,0,0,0,90
2222960_4678,2222960,4678,6992,7179,2012-07-14,"Markus Berger",UKR1,0,0,0,0,90
2222960_58514,2222960,58514,6992,6992,2012-07-14,"Elis Bakaj",UKR1,0,0,0,0,81
2222960_58606,2222960,58606,6992,6992,2012-07-14,"Sergiy Politylo",UKR1,0,0,0,1,90
2222960_62515,2222960,62515,6992,6992,2012-07-14,"Ivan Bobko",UKR1,0,0,0,0,2
2222960_64711,2222960,64711,6992,11127,2012-07-14,"Pablo Fontanello",UKR1,0,0,0,0,90
2222960_65542,2222960,65542,6992,1085,2012-07-14,"Tiago Terroso",UKR1,0,0,0,0,9
2222960_69913,2222960,69913,6992,3691,2012-07-14,"Kyrylo Kovalchuk",UKR1,0,0,0,0,90
2222960_71725,2222960,71725,6996,6996,2012-07-14,"Oleksandr Nad",UKR1,0,0,0,0,90
2222960_72899,2222960,72899,6996,6996,2012-07-14,"Oleksandr Sytnyk",UKR1,0,0,0,0,63
2222960_8480,2222960,8480,6992,6992,2012-07-14,"Sito Riera",UKR1,1,0,0,0,90
2222960_85964,2222960,85964,6992,6992,2012-07-14,"Anderson Mineiro",UKR1,0,0,0,1,90
2222960_85973,2222960,85973,6996,6996,2012-07-14,"Andriy Grynchenko",UKR1,1,0,0,0,90
2222960_91377,2222960,91377,6996,6996,2012-07-14,"Dmytro Trukhin",UKR1,0,0,1,0,90
2222960_91450,2222960,91450,6996,4128,2012-07-14,"Oleg Mishchenko",UKR1,0,0,1,0,52
2222960_93976,2222960,93976,6996,6996,2012-07-14,"Stanislav Pechenkin",UKR1,0,0,0,0,76
2222960_95239,2222960,95239,6996,6996,2012-07-14,"Pavlo Shchedrakov",UKR1,1,0,0,0,90
2222960_96455,2222960,96455,6996,601,2012-07-14,"Yevgen Makarenko",UKR1,0,0,0,0,90
2222961_104331,2222961,104331,338,2700,2012-07-14,"Lukman Haruna",UKR1,1,0,0,0,45
2222961_114937,2222961,114937,338,338,2012-07-14,Dudu,UKR1,0,0,0,0,45
2222961_15033,2222961,15033,2783,2783,2012-07-14,"Velizar Dimitrov",UKR1,0,0,0,0,85
2222961_16746,2222961,16746,338,124,2012-07-14,"Niko Kranjcar",UKR1,0,0,0,0,69
2222961_18445,2222961,18445,338,338,2012-07-14,BetÃ£o,UKR1,0,0,0,0,90
2222961_24000,2222961,24000,2783,10690,2012-07-14,"Vyacheslav Checher",UKR1,1,0,0,0,90
2222961_27108,2222961,27108,2783,2783,2012-07-14,"Konstantinos Makridis",UKR1,0,0,0,0,90
2222961_27954,2222961,27954,338,338,2012-07-14,"Ognjen Vukojevic",UKR1,1,0,0,0,90
2222961_43308,2222961,43308,2783,2783,2012-07-14,"Denys Golaydo",UKR1,0,0,0,0,90
2222961_45196,2222961,45196,338,932,2012-07-14,"Taras Mykhalyk",UKR1,0,0,0,0,90
2222961_45812,2222961,45812,2783,128,2012-07-14,"Djordje Lazic",UKR1,0,0,0,0,90
2222961_48740,2222961,48740,338,14171,2012-07-14,"Milos Ninkovic",UKR1,0,0,0,0,21
2222961_51232,2222961,51232,2783,589,2012-07-14,Danilo,UKR1,1,0,0,0,72
2222961_55734,2222961,55734,2783,3999,2012-07-14,"Gevorg Ghazaryan",UKR1,0,0,0,0,90
2222961_59045,2222961,59045,2783,2783,2012-07-14,"Pavlo Gryshchenko",UKR1,0,0,0,0,5
2222961_59389,2222961,59389,2783,6992,2012-07-14,"Mykola Morozyuk",UKR1,0,0,0,0,90
2222961_60324,2222961,60324,2783,2783,2012-07-14,"Gregory Nelson",UKR1,0,0,0,0,31
2222961_61952,2222961,61952,338,338,2012-07-14,"Danilo Silva",UKR1,0,0,0,0,90
2222961_64308,2222961,64308,338,1467,2012-07-14,"Brown Ideye",UKR1,0,0,1,0,90
2222961_69004,2222961,69004,338,1091,2012-07-14,"Yevgen Khacheridi",UKR1,0,0,0,0,90
2222961_69015,2222961,69015,338,338,2012-07-14,"Andriy Yarmolenko",UKR1,0,0,0,1,90
2222961_70754,2222961,70754,338,55686,2012-07-14,"Denys Garmash",UKR1,0,0,0,0,45
2222961_73769,2222961,73769,2783,2783,2012-07-14,"ZÃ© Soares",UKR1,0,0,0,0,59
2222961_74843,2222961,74843,2783,2783,2012-07-14,"Vitaliy Ivanko",UKR1,0,0,0,0,18
2222961_85969,2222961,85969,2783,61825,2012-07-14,"Oleksandr Bandura",UKR1,0,0,0,0,90
2222961_87893,2222961,87893,2783,2477,2012-07-14,"Vasyl Pryima",UKR1,0,0,0,0,90
2222961_91931,2222961,91931,338,53646,2012-07-14,"Denys Boyko",UKR1,0,0,0,0,90
2222961_9794,2222961,9794,338,338,2012-07-14,"Oleg Gusev",UKR1,0,0,0,0,45
2222963_105362,2222963,105362,6994,39722,2012-07-14,"Adolphe Teikeu",UKR1,1,0,0,0,90
2222963_105534,2222963,105534,6994,6994,2012-07-14,"Artur Kaskov",UKR1,0,0,0,0,67
2222963_124182,2222963,124182,6994,968,2012-07-14,"Sergiy Sydorchuk",UKR1,1,0,0,0,90
2222963_14927,2222963,14927,6994,6994,2012-07-14,"Oleksiy Belik",UKR1,0,0,0,0,90
2222963_206717,2222963,206717,6994,1184,2012-07-14,"Eduard Sobol",UKR1,0,0,0,0,90
2222963_24010,2222963,24010,10690,10690,2012-07-14,"Oleksandr Grytsay",UKR1,1,0,0,0,90
2222963_24670,2222963,24670,10690,10690,2012-07-14,"Nikola Ignjatijevic",UKR1,0,0,0,0,45
2222963_37303,2222963,37303,10690,10690,2012-07-14,"Zeljko Ljubenovic",UKR1,0,0,0,0,90
2222963_43276,2222963,43276,6994,6994,2012-07-14,Junior,UKR1,0,0,0,0,90
2222963_43393,2222963,43393,10690,10690,2012-07-14,"Grygoriy Yarmash",UKR1,0,0,0,0,78
2222963_47375,2222963,47375,10690,6414,2012-07-14,"Ivan Rodic",UKR1,0,0,0,1,35
2222963_49022,2222963,49022,6994,6994,2012-07-14,"Vitaliy Rudenko",UKR1,0,0,0,0,90
2222963_58238,2222963,58238,10690,10690,2012-07-14,"Mykyta Kamenyuka",UKR1,1,0,0,0,90
2222963_59249,2222963,59249,6994,6992,2012-07-14,"Ivan Matyazh",UKR1,0,0,0,0,61
2222963_59266,2222963,59266,10690,10690,2012-07-14,"Ilya Galyuza",UKR1,1,0,1,0,90
2222963_59269,2222963,59269,10690,10690,2012-07-14,"Lucky Idahor",UKR1,0,0,1,0,90
2222963_59277,2222963,59277,10690,10690,2012-07-14,"Dmytro Kozachenko",UKR1,0,0,0,0,90
2222963_59964,2222963,59964,6994,6994,2012-07-14,"Yevgen Pisotskyi",UKR1,0,0,0,0,90
2222963_59973,2222963,59973,10690,3592,2012-07-14,"Vitaliy Vernydub",UKR1,0,0,0,0,90
2222963_60790,2222963,60790,10690,121,2012-07-14,"Toni Sunjic",UKR1,0,0,0,0,90
2222963_82608,2222963,82608,10690,10690,2012-07-14,"Pavlo Khudzik",UKR1,0,0,0,0,45
2222963_85430,2222963,85430,10690,9007,2012-07-14,"Jaba Lipartia",UKR1,0,0,0,0,55
2222963_86931,2222963,86931,6994,3592,2012-07-14,"Yevgen Opanasenko",UKR1,0,0,0,0,90
2222963_87097,2222963,87097,6994,6993,2012-07-14,"Sergiy Rudyka",UKR1,1,0,0,0,90
2222963_87864,2222963,87864,6994,6994,2012-07-14,"Mohamed Achraf Khalfaoui",UKR1,1,0,0,0,29
2222963_90768,2222963,90768,10690,23611,2012-07-14,"Yaroslav Oliynyk",UKR1,1,0,0,0,12
2222963_91259,2222963,91259,6994,6994,2012-07-14,"Yuri Shturko",UKR1,0,0,0,0,23
2224732_100980,2224732,100980,5724,5724,2012-07-14,"Mads Fenger",DK1,1,0,0,0,45
2224732_103428,2224732,103428,5817,173,2012-07-14,"BjÃ¶rn Paulsen",DK1,0,0,0,0,27
2224732_103433,2224732,103433,5817,5818,2012-07-14,"Jacob TjÃ¶rnelund",DK1,0,0,0,0,90
2224732_15039,2224732,15039,5724,1063,2012-07-14,"Jonas Kamper",DK1,0,0,1,0,90
2224732_15049,2224732,15049,5817,5818,2012-07-14,"Thomas Hansen",DK1,0,0,1,0,90
2224732_15243,2224732,15243,5817,5817,2012-07-14,"Tommy Bechmann",DK1,0,0,0,0,12
2224732_15472,2224732,15472,5817,5817,2012-07-14,"Hakon Opdal",DK1,0,0,0,0,90
2224732_161244,2224732,161244,5817,2414,2012-07-14,"Conor O'Brien",DK1,0,0,1,0,90
2224732_20841,2224732,20841,5724,5817,2012-07-14,"Anders Egholm",DK1,0,0,0,0,90
2224732_20844,2224732,20844,5817,5817,2012-07-14,"Henrik Hansen",DK1,0,0,1,2,90
2224732_22176,2224732,22176,5724,1063,2012-07-14,"Christian Keller",DK1,0,0,0,0,90
2224732_221916,2224732,221916,5817,1177,2012-07-14,"Andreas Oggesen",DK1,0,0,0,0,8
2224732_22489,2224732,22489,5724,865,2012-07-14,"Frank Kristensen",DK1,0,0,0,0,90
2224732_22516,2224732,22516,5724,5724,2012-07-14,"Chris SÃ¶rensen",DK1,0,0,0,0,90
2224732_22913,2224732,22913,5724,865,2012-07-14,"David Ousted",DK1,0,0,0,0,90
2224732_23111,2224732,23111,5724,5724,2012-07-14,"Johnny Thomsen",DK1,0,0,0,0,90
2224732_23250,2224732,23250,5817,2414,2012-07-14,"Niels Lodberg",DK1,0,0,0,0,90
2224732_23403,2224732,23403,5817,5817,2012-07-14,"Henrik BÃ¶dker",DK1,0,0,0,0,82
2224732_36691,2224732,36691,5817,5817,2012-07-14,"Jarl AndrÃ© Storbaek",DK1,0,0,1,0,90
2224732_43015,2224732,43015,5724,5818,2012-07-14,"Tidiane SanÃ©",DK1,0,0,0,0,90
2224732_4351,2224732,4351,5724,5724,2012-07-14,"Remco van der Schaaf",DK1,0,0,0,0,45
2224732_44423,2224732,44423,5724,5818,2012-07-14,"Adama Tamboura",DK1,0,0,0,0,45
2224732_46007,2224732,46007,5724,865,2012-07-14,"Ronnie Schwartz",DK1,0,0,0,0,70
2224732_50651,2224732,50651,5817,865,2012-07-14,"EyjÃ³lfur HÃ©dinsson",DK1,0,0,0,0,63
2224732_61335,2224732,61335,5724,5724,2012-07-14,"Alexander Fischer",DK1,0,0,0,0,45
2224732_61423,2224732,61423,5724,369,2012-07-14,"Lasse Rise",DK1,0,0,0,0,20
2224732_62680,2224732,62680,5817,865,2012-07-14,"Lasse Vibe",DK1,0,0,1,1,90
2224732_83882,2224732,83882,5817,5818,2012-07-14,"Quincy Antipas",DK1,0,0,1,2,78
2245041_13121,2245041,13121,964,441,2012-07-14,"Bruno Alves",RUSS,0,0,0,0,66
2245041_15117,2245041,15117,964,964,2012-07-14,"Konstantin Zyryanov",RUSS,0,0,0,0,19
2245041_15368,2245041,15368,964,964,2012-07-14,"Vyacheslav Malafeev",RUSS,0,0,0,0,90
2245041_15373,2245041,15373,964,964,2012-07-14,"Sergey Semak",RUSS,0,0,0,0,45
2245041_15381,2245041,15381,964,964,2012-07-14,"Aleksandr Kerzhakov",RUSS,0,0,0,0,90
2245041_15647,2245041,15647,964,40426,2012-07-14,"Vladimir Bystrov",RUSS,1,0,0,0,71
2245041_15650,2245041,15650,964,932,2012-07-14,"Igor Denisov",RUSS,1,0,0,0,90
2245041_15872,2245041,15872,2698,2698,2012-07-14,"Roman Sharonov",RUSS,0,0,0,0,90
2245041_19712,2245041,19712,964,964,2012-07-14,"Aleksandar Lukovic",RUSS,0,0,0,0,24
2245041_2050,2245041,2050,2698,24,2012-07-14,"Nelson Valdez",RUSS,0,0,0,0,26
2245041_20587,2245041,20587,964,2861,2012-07-14,"Nicolas Lombaerts",RUSS,0,0,0,0,90
2245041_25035,2245041,25035,2698,41201,2012-07-14,"Sergey Ryzhikov",RUSS,0,0,0,0,90
2245041_25856,2245041,25856,2698,16704,2012-07-14,"Vitaliy Kaleshin",RUSS,0,0,0,0,16
2245041_29056,2245041,29056,2698,2698,2012-07-14,"CÃ©sar Navas",RUSS,0,0,0,0,90
2245041_38799,2245041,38799,2698,2698,2012-07-14,"Oleg Kuzmin",RUSS,0,0,0,0,90
2245041_40254,2245041,40254,964,964,2012-07-14,"Viktor Faizulin",RUSS,0,0,0,0,90
2245041_42678,2245041,42678,2698,276,2012-07-14,"Salvatore Bocchetti",RUSS,1,0,1,0,90
2245041_44136,2245041,44136,964,252,2012-07-14,"Domenico Criscito",RUSS,1,0,0,0,90
2245041_44367,2245041,44367,2698,1083,2012-07-14,"Roman Eremenko",RUSS,0,0,0,1,90
2245041_45491,2245041,45491,964,2698,2012-07-14,"Aleksandr Bukharov",RUSS,0,0,0,0,45
2245041_48550,2245041,48550,964,232,2012-07-14,"Roman Shirokov",RUSS,0,0,0,0,90
2245041_55854,2245041,55854,2698,416,2012-07-14,"Cristian Ansaldi",RUSS,1,0,0,0,90
2245041_56637,2245041,56637,2698,3719,2012-07-14,"Vladimir Dyadyun",RUSS,0,0,1,0,74
2245041_57723,2245041,57723,2698,720,2012-07-14,"IvÃ¡n Marcano",RUSS,0,0,0,0,11
2245041_5794,2245041,5794,2698,3368,2012-07-14,"Obafemi Martins",RUSS,1,0,0,0,64
2245041_63252,2245041,63252,964,244,2012-07-14,"Tomas Hubocan",RUSS,0,0,0,0,90
2245041_6871,2245041,6871,2698,2698,2012-07-14,"GÃ¶kdeniz Karadeniz",RUSS,0,0,0,0,79
2245041_7252,2245041,7252,2698,1186,2012-07-14,"Aleksandr Ryazantsev",RUSS,0,0,0,1,90
2222957_121026,2222957,121026,2227,18105,2012-07-15,"Yuriy Putrash",UKR1,0,0,0,0,45
2222957_13113,2222957,13113,2227,2227,2012-07-15,"Marco NÃ©",UKR1,0,0,0,0,58
2222957_140561,2222957,140561,339,9007,2012-07-15,"Michael Odibe",UKR1,0,0,0,0,21
2222957_15067,2222957,15067,2227,2227,2012-07-15,"Maksym Kalynychenko",UKR1,0,0,0,0,90
2222957_18091,2222957,18091,339,1533,2012-07-15,"Derek Boateng",UKR1,0,0,0,0,90
2222957_23443,2222957,23443,339,339,2012-07-15,"Ondrej Mazuch",UKR1,0,0,0,0,90
2222957_24008,2222957,24008,2227,2672,2012-07-15,"RubÃ©n Gomez",UKR1,1,0,0,0,90
2222957_24043,2222957,24043,2227,339,2012-07-15,"Sergiy Nazarenko",UKR1,0,0,0,1,90
2222957_24049,2222957,24049,339,338,2012-07-15,"Ruslan Rotan",UKR1,1,0,0,1,82
2222957_25823,2222957,25823,339,2698,2012-07-15,"Vitaliy Denisov",UKR1,0,0,1,0,90
2222957_28186,2222957,28186,339,339,2012-07-15,"Jan Lastuvka",UKR1,0,0,0,0,90
2222957_39253,2222957,39253,2227,61825,2012-07-15,"Anton Shynder",UKR1,0,0,0,0,90
2222957_39792,2222957,39792,2227,2227,2012-07-15,"Marin Ljubicic",UKR1,0,0,0,0,90
2222957_42933,2222957,42933,2227,2227,2012-07-15,"Anis Boussaidi",UKR1,1,0,0,0,90
2222957_45343,2222957,45343,2227,4482,2012-07-15,"Oleg Gumenyuk",UKR1,0,0,0,0,90
2222957_49008,2222957,49008,339,339,2012-07-15,"Vitaliy Mandzyuk",UKR1,0,0,0,0,90
2222957_54375,2222957,54375,339,6890,2012-07-15,Giuliano,UKR1,1,0,2,0,76
2222957_57895,2222957,57895,339,63007,2012-07-15,"Denys Oliynyk",UKR1,0,0,0,0,69
2222957_57987,2222957,57987,339,339,2012-07-15,"Yevgen Cheberyachko",UKR1,0,0,0,0,90
2222957_58008,2222957,58008,2227,9007,2012-07-15,"Maksym Feshchuk",UKR1,0,0,1,0,32
2222957_58949,2222957,58949,339,660,2012-07-15,"Yevgen Konoplyanka",UKR1,2,0,0,0,30
2222957_59076,2222957,59076,339,6992,2012-07-15,"Sergiy Kravchenko",UKR1,0,0,0,0,14
2222957_59893,2222957,59893,2227,2740,2012-07-15,"Oleksandr Romanchuk",UKR1,0,0,0,0,45
2222957_70767,2222957,70767,339,150,2012-07-15,"Roman Zozulya",UKR1,0,0,0,1,90
2222957_92046,2222957,92046,2227,6414,2012-07-15,"Sergiy Pogorilyi",UKR1,0,0,0,0,90
2222957_9369,2222957,9369,2227,3690,2012-07-15,"Dele Adeleye",UKR1,0,0,0,0,90
2222957_9796,2222957,9796,339,2700,2012-07-15,"Oleksandr Aliyev",UKR1,0,0,0,0,8
2222959_14942,2222959,14942,660,1390,2012-07-15,"Darijo Srna",UKR1,0,0,0,0,90
2222959_23379,2222959,23379,9007,60551,2012-07-15,"Volodymyr Polyovyi",UKR1,0,0,0,0,90
2222959_24633,2222959,24633,660,660,2012-07-15,Eduardo,UKR1,0,0,0,0,27
2222959_25820,2222959,25820,660,660,2012-07-15,"Vyacheslav Shevchuk",UKR1,0,0,0,0,90
2222959_26267,2222959,26267,660,281,2012-07-15,Fernandinho,UKR1,0,0,0,0,90
2222959_28964,2222959,28964,9007,16245,2012-07-15,"Saulius Mikoliunas",UKR1,1,0,0,0,45
2222959_39996,2222959,39996,660,660,2012-07-15,"Andriy Pyatov",UKR1,0,0,0,0,90
2222959_42622,2222959,42622,9007,16247,2012-07-15,Leandro,UKR1,1,0,0,0,69
2222959_42641,2222959,42641,9007,6996,2012-07-15,"Andriy Khomyn",UKR1,0,0,0,0,45
2222959_43309,2222959,43309,9007,16247,2012-07-15,"Volodymyr Gomenyuk",UKR1,0,0,0,0,57
2222959_43934,2222959,43934,9007,9007,2012-07-15,"Ionut Mazilu",UKR1,0,0,0,0,33
2222959_44357,2222959,44357,660,2477,2012-07-15,"Oleksandr Kucher",UKR1,0,0,0,0,90
2222959_45341,2222959,45341,9007,121,2012-07-15,"George Florescu",UKR1,0,0,0,0,90
2222959_45587,2222959,45587,9007,9007,2012-07-15,"Rafael Santos",UKR1,0,0,0,0,90
2222959_49024,2222959,49024,9007,16245,2012-07-15,"Sergiy Symonenko",UKR1,0,0,0,0,90
2222959_52937,2222959,52937,660,660,2012-07-15,Ilsinho,UKR1,0,0,1,1,27
2222959_55735,2222959,55735,660,46,2012-07-15,"Henrikh Mkhitaryan",UKR1,0,0,2,2,90
2222959_58970,2222959,58970,9007,10690,2012-07-15,"Yevgen Shakhov",UKR1,0,0,0,0,90
2222959_59024,2222959,59024,9007,6992,2012-07-15,"Yevgen Borovyk",UKR1,0,0,0,0,90
2222959_59411,2222959,59411,660,1083,2012-07-15,"Marko Devic",UKR1,0,0,1,0,21
2222959_59908,2222959,59908,660,61825,2012-07-15,"Yevgen Seleznyov",UKR1,0,0,1,2,63
2222959_59913,2222959,59913,9007,9007,2012-07-15,"Artem Stargorodskyi",UKR1,0,0,0,0,90
2222959_66515,2222959,66515,660,114,2012-07-15,"Alex Teixeira",UKR1,0,0,1,0,69
2222959_75615,2222959,75615,660,506,2012-07-15,"Douglas Costa",UKR1,0,0,0,1,63
2222959_85563,2222959,85563,9007,9007,2012-07-15,"Dominic Adiyiah",UKR1,0,0,0,0,21
2222959_89222,2222959,89222,660,660,2012-07-15,"Yaroslav Rakitskyi",UKR1,0,0,0,0,90
2222959_9688,2222959,9688,660,660,2012-07-15,"Tomas HÃ¼bschman",UKR1,0,0,0,0,90
2222959_9798,2222959,9798,9007,6996,2012-07-15,"Maksim Shatskikh",UKR1,0,0,0,0,90
2222964_120144,2222964,120144,2740,21957,2012-07-15,"Yevgen Budnik",UKR1,0,0,0,0,10
2222964_15593,2222964,15593,3592,3691,2012-07-15,"Sergey Samodin",UKR1,0,0,0,0,75
2222964_15596,2222964,15596,3592,4482,2012-07-15,"Bogdan Shershun",UKR1,0,0,0,0,90
2222964_24004,2222964,24004,2740,2740,2012-07-15,"Sergiy Dolganskyi",UKR1,0,1,0,0,85
2222964_25758,2222964,25758,3592,339,2012-07-15,"Jaba Kankava",UKR1,0,0,0,0,90
2222964_25845,2222964,25845,3592,6992,2012-07-15,"Oleksiy Antonov",UKR1,0,0,1,0,15
2222964_28179,2222964,28179,3592,49364,2012-07-15,"Mladen Bartulovic",UKR1,0,0,0,0,90
2222964_34641,2222964,34641,3592,3592,2012-07-15,"Darijan Matic",UKR1,1,0,0,0,90
2222964_35607,2222964,35607,2740,2740,2012-07-15,"Armend Dallku",UKR1,0,0,0,0,90
2222964_35633,2222964,35633,3592,3592,2012-07-15,"Jiri Jeslinek",UKR1,1,0,0,0,45
2222964_36149,2222964,36149,2740,2740,2012-07-15,"Jovan Markoski",UKR1,1,0,0,0,77
2222964_43404,2222964,43404,2740,60551,2012-07-15,"Oleksiy Chychykov",UKR1,0,0,0,0,16
2222964_55975,2222964,55975,3592,339,2012-07-15,"Ucha Lobzhanidze",UKR1,0,0,0,0,90
2222964_57900,2222964,57900,3592,9007,2012-07-15,"Vyacheslav Serdyuk",UKR1,0,0,0,0,9
2222964_58392,2222964,58392,3592,83678,2012-07-15,"Vitaliy Fedoriv",UKR1,0,0,0,0,81
2222964_58418,2222964,58418,2740,48332,2012-07-15,"Vadym Milko",UKR1,0,0,0,0,13
2222964_58427,2222964,58427,3592,48332,2012-07-15,"Kyrylo Petrov",UKR1,0,0,0,0,90
2222964_58930,2222964,58930,2740,2740,2012-07-15,"Volodymyr Chesnakov",UKR1,1,0,0,0,90
2222964_58958,2222964,58958,2740,18303,2012-07-15,"Oleksandr Matveyev",UKR1,0,0,0,0,90
2222964_58961,2222964,58961,3592,18303,2012-07-15,"Pavlo Pashayev",UKR1,0,0,0,0,45
2222964_59129,2222964,59129,2740,2740,2012-07-15,"Vadym Sapay",UKR1,0,0,0,0,90
2222964_59150,2222964,59150,2740,2740,2012-07-15,"Ahmed Januzi",UKR1,1,0,0,0,90
2222964_61462,2222964,61462,3592,23611,2012-07-15,"Rinar Valeev",UKR1,1,0,0,0,90
2222964_68915,2222964,68915,2740,6414,2012-07-15,"Oleg Krasnopyorov",UKR1,0,0,0,0,90
2222964_86502,2222964,86502,2740,2740,2012-07-15,"Ivan Kryvosheenko",UKR1,0,0,0,0,74
2222964_89427,2222964,89427,2740,2740,2012-07-15,"Yevgen Pichkur",UKR1,0,0,0,0,80
2222964_91540,2222964,91540,3592,3592,2012-07-15,"Artem Shtanko",UKR1,0,0,0,0,90
2222964_97567,2222964,97567,2740,157,2012-07-15,"Roman Bezus",UKR1,0,0,0,0,90
2224729_104918,2224729,104918,173,190,2012-07-15,"Christian SÃ¶rensen",DK1,0,0,0,0,25
2224729_15209,2224729,15209,173,173,2012-07-15,"Andreas Johansson",DK1,1,0,0,0,90
2224729_15961,2224729,15961,173,190,2012-07-15,"RÃºrik GÃ­slason",DK1,0,0,0,0,90
2224729_1725,2224729,1725,173,173,2012-07-15,"Jesper Christiansen",DK1,0,0,0,0,90
2224729_18006,2224729,18006,206,897,2012-07-15,"Michael Krohn-Dehli",DK1,0,0,0,0,33
2224729_194129,2224729,194129,206,206,2012-07-15,"Oke Akpoveta",DK1,0,0,0,0,16
2224729_20838,2224729,20838,173,5818,2012-07-15,"Hans Henrik Andreasen",DK1,0,0,0,0,83
2224729_20857,2224729,20857,173,173,2012-07-15,"Anders MÃ¶ller Christensen",DK1,0,0,0,0,90
2224729_22519,2224729,22519,206,5724,2012-07-15,"Mikkel Thygesen",DK1,0,0,0,0,90
2224729_24113,2224729,24113,173,173,2012-07-15,"Espen Ruud",DK1,0,0,0,0,90
2224729_2703,2224729,2703,173,173,2012-07-15,"Morten Skoubo",DK1,0,0,0,0,7
2224729_39467,2224729,39467,206,206,2012-07-15,"Clarence Goodson",DK1,0,0,0,0,90
2224729_41328,2224729,41328,173,173,2012-07-15,"Tore Reginiussen",DK1,0,0,0,0,7
2224729_43075,2224729,43075,206,206,2012-07-15,"Michael TÃ¶rnes",DK1,0,0,0,0,90
2224729_43077,2224729,43077,206,206,2012-07-15,"Mike Jensen",DK1,1,0,0,0,90
2224729_44717,2224729,44717,206,1177,2012-07-15,"Nicolaj Agger",DK1,0,0,0,0,74
2224729_48764,2224729,48764,206,20100,2012-07-15,"Anders Randrup",DK1,0,0,0,0,85
2224729_68980,2224729,68980,206,1894,2012-07-15,"Daniel Stenderup",DK1,0,0,0,0,90
2224729_69643,2224729,69643,206,206,2012-07-15,"Daniel Norouzi",DK1,0,0,0,0,90
2224729_69646,2224729,69646,206,449,2012-07-15,"Jens Stryger Larsen",DK1,1,0,0,0,57
2224729_70544,2224729,70544,173,443,2012-07-15,"Jacob Schoop",DK1,0,0,1,0,83
2224729_78818,2224729,78818,206,317,2012-07-15,"Dario Dumic",DK1,0,0,0,0,5
2224729_87162,2224729,87162,206,1894,2012-07-15,"Simon Makienok",DK1,0,0,0,0,90
2224729_89082,2224729,89082,206,206,2012-07-15,"Franck Semou",DK1,0,0,0,0,90
2224729_89200,2224729,89200,173,190,2012-07-15,"Rasmus Falk",DK1,0,0,0,1,90
2224729_91851,2224729,91851,173,173,2012-07-15,"Bashkim Kadrii",DK1,0,0,0,0,90
2224729_99100,2224729,99100,173,5724,2012-07-15,"Daniel HÃ¸egh",DK1,0,0,0,0,90
2224729_99106,2224729,99106,173,369,2012-07-15,"Emil Larsen",DK1,0,0,0,0,65
2224730_108315,2224730,108315,1177,5818,2012-07-15,"Simon Jakobsen",DK1,0,0,0,0,90
2224730_132401,2224730,132401,3426,3426,2012-07-15,"Mikkel Agger",DK1,0,0,0,0,8
2224730_144904,2224730,144904,3426,3426,2012-07-15,"Jonas Knudsen",DK1,0,0,0,0,87
2224730_14962,2224730,14962,1177,1177,2012-07-15,"Jesper Bech",DK1,0,0,0,1,90
2224730_15128,2224730,15128,1177,1053,2012-07-15,"Kasper Risgaard",DK1,0,0,1,0,90
2224730_164693,2224730,164693,3426,5724,2012-07-15,"Jakob Ankersen",DK1,0,0,1,0,90
2224730_187957,2224730,187957,1177,678,2012-07-15,"Daniel Pedersen",DK1,1,0,0,0,66
2224730_20843,2224730,20843,1177,1177,2012-07-15,"Frank Hansen",DK1,0,0,0,0,90
2224730_20855,2224730,20855,3426,3426,2012-07-15,"Jerry Lucena",DK1,0,0,0,0,90
2224730_22484,2224730,22484,1177,865,2012-07-15,"Lasse Heinze",DK1,0,0,0,0,90
2224730_22495,2224730,22495,1177,1177,2012-07-15,"Jesper Mikkelsen",DK1,1,0,0,0,90
2224730_23205,2224730,23205,3426,3426,2012-07-15,"Steffen Ernemann",DK1,0,0,0,0,3
2224730_23463,2224730,23463,1177,1177,2012-07-15,"Christian Holst",DK1,0,0,0,0,78
2224730_37227,2224730,37227,1177,1177,2012-07-15,"Dennis Flinta",DK1,1,0,0,1,24
2224730_37635,2224730,37635,3426,678,2012-07-15,"Jesper Lange",DK1,0,0,1,0,90
2224730_41843,2224730,41843,3426,1177,2012-07-15,"Mikkel Vendelbo",DK1,0,0,0,0,90
2224730_44471,2224730,44471,3426,467,2012-07-15,"SÃ¶ren Rieks",DK1,0,0,0,1,90
2224730_46004,2224730,46004,1177,1177,2012-07-15,"ThorbjÃ¶rn Holst Rasmussen",DK1,0,0,0,0,90
2224730_48015,2224730,48015,3426,15,2012-07-15,"Lukas Hradecky",DK1,0,0,0,0,90
2224730_48897,2224730,48897,1177,1177,2012-07-15,"Ade Runsewe",DK1,0,0,0,1,90
2224730_52117,2224730,52117,1177,5724,2012-07-15,"Marvin PouriÃ©",DK1,0,0,2,0,89
2224730_56986,2224730,56986,3426,3426,2012-07-15,"Davidson Eden",DK1,0,0,0,0,90
2224730_62445,2224730,62445,3426,1063,2012-07-15,"Sebastian Andersen",DK1,0,0,0,1,82
2224730_78953,2224730,78953,1177,5724,2012-07-15,"Martin Svensson",DK1,0,0,0,0,1
2224730_89197,2224730,89197,1177,5817,2012-07-15,"Nicolaj Ritter",DK1,0,0,0,0,12
2224730_91469,2224730,91469,3426,2778,2012-07-15,"Kian Hansen",DK1,0,0,0,0,90
2224730_95732,2224730,95732,3426,714,2012-07-15,"Martin Braithwaite",DK1,0,0,0,0,90
2224733_100399,2224733,100399,190,190,2012-07-15,"Nicolai JÃ¶rgensen",DK1,0,0,0,0,32
2224733_102043,2224733,102043,865,49702,2012-07-15,Sly,DK1,0,0,1,0,90
2224733_102045,2224733,102045,865,173,2012-07-15,"Izunna Uzochukwu",DK1,1,0,0,0,90
2224733_103558,2224733,103558,190,173,2012-07-15,Mos,DK1,0,0,0,0,58
2224733_124983,2224733,124983,190,190,2012-07-15,"Bryan Oviedo",DK1,0,0,1,1,90
2224733_140446,2224733,140446,865,5817,2012-07-15,"Rilwan Hassan",DK1,0,0,0,1,90
2224733_1423,2224733,1423,190,855,2012-07-15,"Lars Jacobsen",DK1,0,0,0,0,90
2224733_148369,2224733,148369,865,865,2012-07-15,"Mads Pedersen",DK1,0,0,0,0,12
2224733_14963,2224733,14963,190,3426,2012-07-15,"Martin Bergvold",DK1,0,0,0,0,2
2224733_15765,2224733,15765,865,865,2012-07-15,"Tim Janssen",DK1,1,0,1,0,90
2224733_16675,2224733,16675,190,190,2012-07-15,"CÃ©sar Santin",DK1,0,0,2,2,90
2224733_18097,2224733,18097,865,865,2012-07-15,"Benjamin Kibebe",DK1,0,0,0,0,88
2224733_20313,2224733,20313,865,678,2012-07-15,"Jesper Juelsgaard",DK1,0,0,0,0,90
2224733_203412,2224733,203412,190,190,2012-07-15,"Andreas Cornelius",DK1,0,0,1,0,32
2224733_21338,2224733,21338,190,11127,2012-07-15,"SÃ¶lvi Ottesen",DK1,1,0,0,0,90
2224733_22499,2224733,22499,865,865,2012-07-15,"Kristian Bach Bak",DK1,0,0,0,0,90
2224733_22995,2224733,22995,865,5818,2012-07-15,"Danny Olsen",DK1,0,0,0,1,83
2224733_23492,2224733,23492,190,1268,2012-07-15,"Thomas Kristensen",DK1,0,0,0,0,90
2224733_23592,2224733,23592,190,2778,2012-07-15,"Martin Vingaard",DK1,1,0,0,1,88
2224733_24404,2224733,24404,190,190,2012-07-15,"Johan Sellberg-Wiland",DK1,0,0,0,0,90
2224733_38163,2224733,38163,190,190,2012-07-15,"Christian BolaÃ±os",DK1,0,0,0,0,58
2224733_46478,2224733,46478,190,190,2012-07-15,"Ragnar Sigurdsson",DK1,0,0,0,0,90
2224733_48805,2224733,48805,865,5724,2012-07-15,"Mads Albaek",DK1,0,0,0,0,78
2224733_48864,2224733,48864,865,5724,2012-07-15,"Jesper Lauridsen",DK1,0,0,0,0,7
2224733_48870,2224733,48870,865,865,2012-07-15,"Jonas LÃ¶ssl",DK1,0,0,0,0,90
2224733_48907,2224733,48907,865,865,2012-07-15,"Erik Sviatchenko",DK1,2,0,0,0,81
2224733_68275,2224733,68275,190,6912,2012-07-15,Claudemir,DK1,0,1,0,0,71
2224733_68826,2224733,68826,865,2414,2012-07-15,"Jude Nworuh",DK1,0,0,0,0,2
3434809_214243,3434809,214243,21637,11127,2012-07-15,"Dmitriy Efremov",RUP,0,0,0,0,67
2224731_103434,2224731,103434,2414,173,2012-07-16,"Troels KlÃ¶ve",DK1,0,0,0,0,12
2224731_107775,2224731,107775,2414,89,2012-07-16,"Frederik RÃ¶nnow",DK1,0,0,0,0,90
2224731_109012,2224731,109012,2778,2778,2012-07-16,"Ivan Runje",DK1,1,0,0,0,90
2224731_129085,2224731,129085,2778,1053,2012-07-16,"Jores Okore",DK1,0,0,0,0,90
2224731_153538,2224731,153538,2414,2414,2012-07-16,"AndrÃ© Bjerregaard",DK1,0,0,0,0,25
2224731_1606,2224731,1606,2414,2414,2012-07-16,"Morten Rasmussen",DK1,0,0,0,0,90
2224731_186064,2224731,186064,2778,2778,2012-07-16,"Lasse Petry",DK1,0,0,0,0,90
2224731_20854,2224731,20854,2414,2414,2012-07-16,"Lasse Kryger",DK1,0,0,0,0,90
2224731_22513,2224731,22513,2778,2778,2012-07-16,"Nicolai Stokholm",DK1,0,0,1,0,90
2224731_22827,2224731,22827,2414,2414,2012-07-16,"Thomas Kortegaard",DK1,0,0,0,0,90
2224731_22860,2224731,22860,2778,678,2012-07-16,"Jesper Hansen",DK1,0,0,0,0,90
2224731_22881,2224731,22881,2414,2414,2012-07-16,"Steffen Kielstrup",DK1,0,0,0,0,78
2224731_22896,2224731,22896,2778,2778,2012-07-16,"Kasper Lorentzen",DK1,0,0,1,0,77
2224731_23005,2224731,23005,2414,2414,2012-07-16,"Nabil Aslam",DK1,0,0,0,0,75
2224731_23410,2224731,23410,2778,2778,2012-07-16,"SÃ¶ren Christensen",DK1,0,0,0,1,90
2224731_23538,2224731,23538,2778,678,2012-07-16,"Morten Nordstrand",DK1,0,0,0,1,25
2224731_34357,2224731,34357,2778,2778,2012-07-16,"Rawez Lawan",DK1,0,0,0,0,25
2224731_35959,2224731,35959,2778,2778,2012-07-16,"Henrik Kildentoft",DK1,1,0,0,0,90
2224731_42366,2224731,42366,2414,5724,2012-07-16,"Mads Agesen",DK1,0,0,0,0,15
2224731_42383,2224731,42383,2414,2414,2012-07-16,"Jeppe Mehl",DK1,0,0,0,0,90
2224731_43010,2224731,43010,2414,1894,2012-07-16,"Martin Spelmann",DK1,2,0,0,0,28
2224731_44567,2224731,44567,2778,2778,2012-07-16,"Tobias Mikkelsen",DK1,0,0,0,0,65
2224731_44825,2224731,44825,2778,2778,2012-07-16,"Andreas Laudrup",DK1,0,0,1,1,65
2224731_49143,2224731,49143,2414,1063,2012-07-16,"Ken Fagerberg",DK1,0,0,0,0,65
2224731_50580,2224731,50580,2414,2414,2012-07-16,"Janus Drachmann",DK1,0,0,0,0,90
2224731_63459,2224731,63459,2414,173,2012-07-16,"Alexander Juel Andersen",DK1,0,0,0,0,90
2224731_66638,2224731,66638,2778,498,2012-07-16,"Mario Ticinovic",DK1,0,0,0,0,90
2224731_76274,2224731,76274,2778,2919,2012-07-16,"Christian Gytkjaer",DK1,0,0,1,0,13
2231984_74602,2231984,74602,84,65,2012-07-17,"JÃ³zsef Varga",CLQ,1,0,0,0,90
2231986_129787,2231986,129787,6028,28643,2012-07-17,"Barak Badash",CLQ,0,0,0,0,77
2231990_90024,2231990,90024,699,1245,2012-07-17,"Alfred Finnbogason",CLQ,0,0,0,0,90
2231993_26934,2231993,26934,697,3216,2012-07-17,"David Bicik",CLQ,0,0,0,0,90
2231995_114728,2231995,114728,10719,2698,2012-07-17,"Mamuka Kobakhidze",CLQ,0,0,0,0,90
2231995_179624,2231995,179624,10719,4482,2012-07-17,"Abayomi Seun",CLQ,0,0,0,0,59
2231996_72836,2231996,72836,2481,5817,2012-07-17,"JoÃ£o Pereira",CLQ,0,0,0,0,90
2240716_143556,2240716,143556,669,29228,2012-07-17,"Nikola Aksentijevic",CLQ,0,0,0,0,90
2240716_29237,2240716,29237,669,142,2012-07-17,"Stefan Babovic",CLQ,1,0,0,3,90
2240716_95314,2240716,95314,669,820,2012-07-17,"Nemanja Tomic",CLQ,0,0,1,0,76
2244350_29456,2244350,29456,409,202,2012-07-17,"Rasmus Lindgren",CLQ,0,0,0,0,16
2244350_38004,2244350,38004,853,235,2012-07-17,"AurÃ©lien Joachim",CLQ,0,0,1,0,86
2231987_102284,2231987,102284,713,1083,2012-07-18,"Marko Simic",CLQ,1,0,0,0,90
2231992_62054,2231992,62054,687,180,2012-07-18,"Vegard Forren",CLQ,1,0,1,0,90
2231994_13972,2231994,13972,419,68608,2012-07-18,Tonel,CLQ,1,0,0,0,90
2231994_40633,2231994,40633,419,252,2012-07-18,"Milan Badelj",CLQ,0,0,0,0,90
2231994_46083,2231994,46083,419,2441,2012-07-18,"Domagoj Vida",CLQ,0,0,0,0,90
2231994_51471,2231994,51471,419,281,2012-07-18,"Mateo Kovacic",CLQ,0,0,0,0,90
